id,first_name,last_name,email,gender,File_seq
1,Nancy,English,nenglish0@usda.gov,Non-binary,2
2,Haroun,Barnson,hbarnson1@yahoo.co.jp,Male,2
3,Kipp,Bundy,kbundy2@mapy.cz,Female,2
4,Dode,Lane,dlane3@shareasale.com,Female,2
5,Hasty,Dafforne,hdafforne4@forbes.com,Male,2
6,Worden,Gorringe,wgorringe5@cbslocal.com,Male,2
7,Kelby,Blance,kblance6@dailymotion.com,Male,2
8,Paddy,Bonner,pbonner7@usnews.com,Male,2
9,Jo,Coppard,jcoppard8@dion.ne.jp,Female,2
10,Cullie,Franciskiewicz,cfranciskiewicz9@acquirethisname.com,Male,2
11,Shae,Imlock,simlocka@linkedin.com,Female,2
12,Addy,Diss,adissb@tuttocitta.it,Male,2
13,Dennet,Gornall,dgornallc@example.com,Male,2
14,Gilli,St. Aubyn,gstaubynd@jimdo.com,Female,2
15,Joanie,Scotsbrook,jscotsbrooke@instagram.com,Agender,2
16,Welsh,Garvie,wgarvief@vinaora.com,Male,2
17,Ivie,Garmey,igarmeyg@samsung.com,Genderfluid,2
18,Ambrosi,Bride,abrideh@wordpress.org,Male,2
19,Chelsy,Shearwood,cshearwoodi@desdev.cn,Female,2
20,Lynne,Calvard,lcalvardj@globo.com,Female,2
21,Cecily,Phillcock,cphillcockk@over-blog.com,Female,2
22,Essy,Stringfellow,estringfellowl@about.com,Female,2
23,Bernette,Loveless,blovelessm@dell.com,Female,2
24,Andrej,O'Cridigan,aocridigann@hugedomains.com,Non-binary,2
25,Aida,Staines,astaineso@sun.com,Female,2
26,Fields,Montrose,fmontrosep@intel.com,Male,2
27,Stanley,Leel,sleelq@odnoklassniki.ru,Male,2
28,Dimitri,Dobbinson,ddobbinsonr@dailymotion.com,Male,2
29,Avigdor,Pratton,aprattons@behance.net,Male,2
30,Adda,Wissbey,awissbeyt@businessweek.com,Female,2
31,Jack,Mees,jmeesu@bbc.co.uk,Male,2
32,Stephi,Weagener,sweagenerv@vimeo.com,Female,2
33,Fayth,Jedrzejczyk,fjedrzejczykw@tiny.cc,Female,2
34,Missy,Eason,measonx@seesaa.net,Female,2
35,Ericha,Feige,efeigey@tmall.com,Female,2
36,Maudie,Ballinghall,mballinghallz@i2i.jp,Female,2
37,Salomi,Beddows,sbeddows10@istockphoto.com,Female,2
38,Robinet,McPaik,rmcpaik11@apache.org,Male,2
39,Joel,Shellibeer,jshellibeer12@globo.com,Male,2
40,Chlo,Agronski,cagronski13@cnn.com,Female,2
41,Trista,Hawton,thawton14@wix.com,Female,2
42,Buffy,Boatman,bboatman15@goo.gl,Non-binary,2
43,Carena,Fortnam,cfortnam16@springer.com,Female,2
44,Danie,Haggerstone,dhaggerstone17@reuters.com,Male,2
45,Cory,Mayhou,cmayhou18@biblegateway.com,Male,2
46,Ajay,Pipe,apipe19@wordpress.org,Female,2
47,Trent,Kemshell,tkemshell1a@tuttocitta.it,Male,2
48,Carita,Giblin,cgiblin1b@jimdo.com,Agender,2
49,Osmund,Kolis,okolis1c@elegantthemes.com,Genderqueer,2
50,Wallie,Poon,wpoon1d@cmu.edu,Female,2
51,Reuven,Gindghill,rgindghill1e@weebly.com,Male,2
52,Hamilton,Cersey,hcersey1f@wordpress.com,Genderfluid,2
53,Livia,Spelwood,lspelwood1g@mashable.com,Female,2
54,Barthel,Lenthall,blenthall1h@narod.ru,Male,2
55,Kettie,Rault,krault1i@constantcontact.com,Female,2
56,Deborah,Stachini,dstachini1j@mysql.com,Female,2
57,Pen,Beauchamp,pbeauchamp1k@comsenz.com,Male,2
58,Nefen,Leader,nleader1l@de.vu,Male,2
59,Kristel,Streeton,kstreeton1m@liveinternet.ru,Female,2
60,Rennie,Ferron,rferron1n@google.com,Female,2
61,Raye,Hanrahan,rhanrahan1o@washington.edu,Female,2
62,Virgie,Kalinovich,vkalinovich1p@yahoo.co.jp,Female,2
63,Gabe,Reinisch,greinisch1q@odnoklassniki.ru,Male,2
64,Brantley,Tarney,btarney1r@icio.us,Male,2
65,Reina,Zmitrichenko,rzmitrichenko1s@w3.org,Female,2
66,Magdalena,Glewe,mglewe1t@artisteer.com,Polygender,2
67,Dylan,De Ambrosis,ddeambrosis1u@irs.gov,Male,2
68,Bernie,Swindall,bswindall1v@blog.com,Male,2
69,Cesaro,Pirazzi,cpirazzi1w@ebay.co.uk,Agender,2
70,Davida,Lorence,dlorence1x@time.com,Female,2
71,Tallie,Quarmby,tquarmby1y@sourceforge.net,Male,2
72,Barbabas,Connow,bconnow1z@amazon.co.jp,Male,2
73,Katherina,Ritchie,kritchie20@bbc.co.uk,Female,2
74,Roxanna,Easun,reasun21@huffingtonpost.com,Female,2
75,Granger,Batchelor,gbatchelor22@cloudflare.com,Male,2
76,Hally,Hedney,hhedney23@e-recht24.de,Female,2
77,Cathi,Mustin,cmustin24@usnews.com,Bigender,2
78,Johan,Hadwick,jhadwick25@epa.gov,Male,2
79,Conrado,Carvell,ccarvell26@ustream.tv,Male,2
80,Corie,Nares,cnares27@deviantart.com,Polygender,2
81,Lotti,Pavlenko,lpavlenko28@howstuffworks.com,Female,2
82,Nancee,Ghio,nghio29@bigcartel.com,Female,2
83,Prudi,Slayton,pslayton2a@yandex.ru,Female,2
84,Inge,Eames,ieames2b@devhub.com,Female,2
85,Honoria,Lince,hlince2c@mashable.com,Female,2
86,Ignaz,Presley,ipresley2d@printfriendly.com,Bigender,2
87,Norah,Milvarnie,nmilvarnie2e@behance.net,Female,2
88,Galvan,Gethins,ggethins2f@quantcast.com,Male,2
89,Golda,Wyld,gwyld2g@about.me,Female,2
90,Alvina,Trewin,atrewin2h@dagondesign.com,Female,2
91,Cindelyn,Snaddin,csnaddin2i@cnet.com,Female,2
92,Ludvig,Ings,lings2j@howstuffworks.com,Male,2
93,Juli,Marshalleck,jmarshalleck2k@usatoday.com,Female,2
94,Darcy,Yard,dyard2l@comcast.net,Male,2
95,Nadiya,Josham,njosham2m@storify.com,Female,2
96,Arleen,Royston,aroyston2n@posterous.com,Female,2
97,Annissa,Hadenton,ahadenton2o@de.vu,Female,2
98,Catherine,Machen,cmachen2p@columbia.edu,Female,2
99,Stillman,Wyldbore,swyldbore2q@aol.com,Male,2
100,Maximilian,Enns,menns2r@comcast.net,Male,2

﻿id,first_name,last_name,email,gender,file_seq
1,Cristabel,Sydney,csydney0@gnu.org,Female,1
2,Zeb,Vanstone,zvanstone1@columbia.edu,Male,1
3,Tammy,Ling,tling2@privacy.gov.au,Male,1
4,Rosella,Alpin,ralpin3@bloglines.com,Female,1
5,Abigale,Taw,ataw4@posterous.com,Female,1
6,Si,Kinver,skinver5@virginia.edu,Male,1
7,Marta,Tipler,mtipler6@zdnet.com,Female,1
8,Ward,Kearle,wkearle7@topsy.com,Male,1
9,Lauree,Standeven,lstandeven8@blogspot.com,Female,1
10,Dud,De Avenell,ddeavenell9@google.de,Male,1
11,Laurie,Rogerson,lrogersona@accuweather.com,Male,1
12,Hort,Stive,hstiveb@slashdot.org,Genderfluid,1
13,Arron,Gideon,agideonc@multiply.com,Male,1
14,Raoul,Braidman,rbraidmand@si.edu,Male,1
15,Carolina,Godney,cgodneye@lycos.com,Female,1
16,Harcourt,Jarritt,hjarrittf@bizjournals.com,Male,1
17,Yvon,Ilett,yilettg@elpais.com,Male,1
18,Wiatt,Blakely,wblakelyh@chicagotribune.com,Genderqueer,1
19,Elle,Libermore,elibermorei@ning.com,Female,1
20,Mitchael,Cholton,mcholtonj@ox.ac.uk,Male,1
21,Katerina,Chafer,kchaferk@ocn.ne.jp,Female,1
22,Halsy,Middle,hmiddlel@jigsy.com,Male,1
23,Gasparo,Alessandone,galessandonem@narod.ru,Agender,1
24,Derwin,Flute,dfluten@skyrock.com,Male,1
25,Twila,Copas,tcopaso@youku.com,Female,1
26,Angelita,Meeks,ameeksp@php.net,Female,1
27,Dal,Girardengo,dgirardengoq@weather.com,Male,1
28,Davin,Beak,dbeakr@house.gov,Male,1
29,Claiborne,Blemings,cblemingss@wikimedia.org,Genderfluid,1
30,Lester,Tummasutti,ltummasuttit@globo.com,Male,1
31,Jacques,Huncote,jhuncoteu@sourceforge.net,Male,1
32,Gusella,Biaggetti,gbiaggettiv@eventbrite.com,Female,1
33,Karilynn,Eckly,kecklyw@wufoo.com,Female,1
34,Alla,Hardstaff,ahardstaffx@yellowpages.com,Female,1
35,Brod,Gligorijevic,bgligorijevicy@bloglines.com,Male,1
36,Darin,Druhan,ddruhanz@squarespace.com,Non-binary,1
37,Ted,Phifer,tphifer10@instagram.com,Agender,1
38,Willi,Clawson,wclawson11@vistaprint.com,Female,1
39,Hirsch,O'Ruane,horuane12@blog.com,Male,1
40,Carlita,O'Hallihane,cohallihane13@squidoo.com,Female,1
41,Jasper,Northin,jnorthin14@umich.edu,Male,1
42,Noni,Errigo,nerrigo15@acquirethisname.com,Female,1
43,Suzanna,Alderson,salderson16@hhs.gov,Female,1
44,Sollie,Nalder,snalder17@sohu.com,Male,1
45,Konstanze,Goldthorp,kgoldthorp18@artisteer.com,Female,1
46,Alikee,MacGuigan,amacguigan19@privacy.gov.au,Female,1
47,Guendolen,See,gsee1a@last.fm,Non-binary,1
48,Jodee,Drohane,jdrohane1b@sfgate.com,Female,1
49,Ediva,Audenis,eaudenis1c@phpbb.com,Female,1
50,Nerita,Jouaneton,njouaneton1d@scribd.com,Female,1
51,Jsandye,Blanchette,jblanchette1e@domainmarket.com,Female,1
52,Jo,Brikner,jbrikner1f@wunderground.com,Male,1
53,Burton,Challicum,bchallicum1g@vistaprint.com,Male,1
54,Northrop,Arangy,narangy1h@yahoo.co.jp,Male,1
55,Marshall,Reditt,mreditt1i@tripadvisor.com,Male,1
56,Duane,Doxsey,ddoxsey1j@ocn.ne.jp,Male,1
57,Gian,Tarbox,gtarbox1k@sogou.com,Male,1
58,Tobit,Cleare,tcleare1l@163.com,Non-binary,1
59,Land,Probet,lprobet1m@phpbb.com,Male,1
60,Devlin,Denny,ddenny1n@engadget.com,Male,1
61,Luke,Ipplett,lipplett1o@icq.com,Male,1
62,Brady,Matthieson,bmatthieson1p@hp.com,Male,1
63,Orel,Dearell,odearell1q@nih.gov,Female,1
64,Helenka,Parfett,hparfett1r@tuttocitta.it,Female,1
65,Hurlee,Glanton,hglanton1s@chronoengine.com,Male,1
66,Devin,Freire,dfreire1t@rediff.com,Female,1
67,Zachariah,Phuprate,zphuprate1u@cbsnews.com,Male,1
68,Berny,Banane,bbanane1v@desdev.cn,Female,1
69,Ginni,Judkins,gjudkins1w@studiopress.com,Female,1
70,Freddi,Magor,fmagor1x@posterous.com,Female,1
71,Bianca,Kelberman,bkelberman1y@telegraph.co.uk,Female,1
72,Ola,Androsik,oandrosik1z@howstuffworks.com,Female,1
73,Aridatha,Courtonne,acourtonne20@cloudflare.com,Female,1
74,Meagan,Treppas,mtreppas21@upenn.edu,Female,1
75,Jerry,Chinge,jchinge22@blog.com,Female,1
76,Rodolfo,Bradbeer,rbradbeer23@alibaba.com,Male,1
77,Harmonia,De Malchar,hdemalchar24@stanford.edu,Female,1
78,Marchall,Maly,mmaly25@java.com,Male,1
79,Corbin,Perkis,cperkis26@yellowbook.com,Male,1
80,Elmore,Cruess,ecruess27@cbslocal.com,Male,1
81,Andeee,Riddington,ariddington28@google.com.hk,Female,1
82,Sherye,Slot,sslot29@tiny.cc,Female,1
83,Flori,Sachno,fsachno2a@wikispaces.com,Female,1
84,Kris,Gardiner,kgardiner2b@si.edu,Male,1
85,Helga,Lashmar,hlashmar2c@simplemachines.org,Genderqueer,1
86,Zonda,Rodie,zrodie2d@nydailynews.com,Female,1
87,Isaak,Standish-Brooks,istandishbrooks2e@tinyurl.com,Male,1
88,Melosa,Leighfield,mleighfield2f@who.int,Female,1
89,Alexio,McClancy,amcclancy2g@technorati.com,Male,1
90,Bud,Statersfield,bstatersfield2h@t.co,Male,1
91,Maurita,Storm,mstorm2i@hhs.gov,Female,1
92,Hyatt,Mac Geaney,hmacgeaney2j@nytimes.com,Male,1
93,Ninetta,Speight,nspeight2k@netvibes.com,Female,1
94,Ashley,Routham,aroutham2l@histats.com,Female,1
95,Guglielmo,Merrington,gmerrington2m@google.com,Male,1
96,Ezequiel,Cello,ecello2n@g.co,Male,1
97,Filmer,Leppard,fleppard2o@alexa.com,Male,1
98,Beryl,Northall,bnorthall2p@irs.gov,Female,1
99,Emmott,Wrates,ewrates2q@hhs.gov,Male,1
100,Helge,Darlison,hdarlison2r@ox.ac.uk,Female,1

﻿id,first_name,last_name,email,gender,File_seq
1,Vladamir,Tathacott,vtathacott0@biblegateway.com,Male,6
2,Darb,Vaughton,dvaughton1@google.de,Male,6
3,Udell,Chapelhow,uchapelhow2@fastcompany.com,Male,6
4,Colly,Petrecz,cpetrecz3@163.com,Female,6
5,Chalmers,Boyles,cboyles4@cbslocal.com,Male,6
6,Addie,Wallen,awallen5@google.co.jp,Female,6
7,Alfy,Bennell,abennell6@google.co.uk,Male,6
8,Farand,Czaja,fczaja7@w3.org,Female,6
9,Shae,Goodbarne,sgoodbarne8@forbes.com,Male,6
10,Bobby,Hamm,bhamm9@netlog.com,Male,6
11,Emmit,Rasch,erascha@vk.com,Male,6
12,Delano,Paulazzi,dpaulazzib@stumbleupon.com,Male,6
13,Anallise,Vaune,avaunec@soup.io,Female,6
14,Marcellina,Oswell,moswelld@furl.net,Female,6
15,Aubrey,Angliss,aanglisse@gizmodo.com,Female,6
16,Jessie,Garlee,jgarleef@instagram.com,Female,6
17,Aundrea,Prator,apratorg@squarespace.com,Female,6
18,Tedra,Coenraets,tcoenraetsh@bravesites.com,Female,6
19,Myriam,Antunez,mantunezi@go.com,Non-binary,6
20,Thom,Crease,tcreasej@w3.org,Non-binary,6
21,Olivier,Ebrall,oebrallk@washingtonpost.com,Male,6
22,Colan,Twopenny,ctwopennyl@vistaprint.com,Male,6
23,Burton,Goudy,bgoudym@devhub.com,Male,6
24,Sindee,Lockley,slockleyn@earthlink.net,Agender,6
25,Sibeal,Vanini,svaninio@taobao.com,Female,6
26,Mina,Boshell,mboshellp@time.com,Female,6
27,Cyndia,Hastwall,chastwallq@amazon.co.jp,Female,6
28,Hillery,Favell,hfavellr@usa.gov,Male,6
29,Bobbye,Heinsh,bheinshs@scientificamerican.com,Female,6
30,Dorothea,Cosin,dcosint@gov.uk,Female,6
31,Rainer,O'Cosgra,rocosgrau@baidu.com,Male,6
32,Willa,Creelman,wcreelmanv@freewebs.com,Female,6
33,Rip,Kolodziejski,rkolodziejskiw@de.vu,Male,6
34,Elbertine,McCready,emccreadyx@webmd.com,Female,6
35,Therese,O'Kinedy,tokinedyy@sina.com.cn,Female,6
36,Whittaker,Densham,wdenshamz@blogs.com,Male,6
37,Paten,Longhorne,plonghorne10@gov.uk,Polygender,6
38,Rip,Ducastel,rducastel11@ocn.ne.jp,Male,6
39,Lindsy,Abrahamsson,labrahamsson12@elpais.com,Female,6
40,Sherwin,Musson,smusson13@sitemeter.com,Male,6
41,Emlyn,Munroe,emunroe14@photobucket.com,Male,6
42,Carlye,Tucknutt,ctucknutt15@networkadvertising.org,Female,6
43,Putnem,Sweeny,psweeny16@craigslist.org,Male,6
44,Brit,Laidel,blaidel17@microsoft.com,Female,6
45,Carmelita,Pletts,cpletts18@meetup.com,Bigender,6
46,Arly,Takkos,atakkos19@arizona.edu,Agender,6
47,Sloane,Hovy,shovy1a@businessinsider.com,Bigender,6
48,Arluene,Petruk,apetruk1b@tripod.com,Female,6
49,Lionel,Dobbings,ldobbings1c@prweb.com,Male,6
50,Claybourne,Harridge,charridge1d@etsy.com,Polygender,6
51,Morgen,Dobbie,mdobbie1e@npr.org,Male,6
52,Leesa,McAmish,lmcamish1f@netscape.com,Female,6
53,Flem,Gerrelts,fgerrelts1g@geocities.com,Male,6
54,Taffy,Albury,talbury1h@ca.gov,Non-binary,6
55,Nick,Filippozzi,nfilippozzi1i@ihg.com,Male,6
56,Marie-jeanne,Clacson,mclacson1j@si.edu,Female,6
57,Ugo,Tartt,utartt1k@blogtalkradio.com,Male,6
58,Bastien,Vest,bvest1l@adobe.com,Male,6
59,Adelaide,Enderby,aenderby1m@over-blog.com,Female,6
60,Doralynne,Narracott,dnarracott1n@virginia.edu,Female,6
61,Augustus,Redgewell,aredgewell1o@cnet.com,Male,6
62,Ruby,Bumpas,rbumpas1p@npr.org,Male,6
63,Valentino,Clausen-Thue,vclausenthue1q@meetup.com,Male,6
64,Iseabal,Quan,iquan1r@usnews.com,Polygender,6
65,Dulcy,Braddick,dbraddick1s@live.com,Female,6
66,Christophe,O'Lennane,colennane1t@mayoclinic.com,Male,6
67,Scarface,Greschke,sgreschke1u@t-online.de,Male,6
68,Consuelo,Beckmann,cbeckmann1v@ucoz.com,Female,6
69,Wittie,Sherbrooke,wsherbrooke1w@instagram.com,Male,6
70,Renaud,Gouldthorpe,rgouldthorpe1x@icq.com,Male,6
71,Giuditta,Weson,gweson1y@shutterfly.com,Female,6
72,Aubree,Hext,ahext1z@usgs.gov,Female,6
73,Stillmann,Cana,scana20@walmart.com,Male,6
74,Cristobal,Jovic,cjovic21@nsw.gov.au,Male,6
75,Janaye,Feldhuhn,jfeldhuhn22@addthis.com,Female,6
76,Ambur,Corkell,acorkell23@ebay.com,Female,6
77,Gaylene,Ronchka,gronchka24@sitemeter.com,Female,6
78,Maggy,Count,mcount25@ox.ac.uk,Female,6
79,Jobyna,Gouldthorpe,jgouldthorpe26@mysql.com,Female,6
80,Eli,Skillitt,eskillitt27@timesonline.co.uk,Male,6
81,Valerie,Castelletto,vcastelletto28@naver.com,Female,6
82,Hughie,Goggins,hgoggins29@newsvine.com,Male,6
83,Doretta,Wyman,dwyman2a@angelfire.com,Female,6
84,Lambert,Crennell,lcrennell2b@twitpic.com,Male,6
85,Vernon,Santarelli,vsantarelli2c@soundcloud.com,Male,6
86,Eward,McRavey,emcravey2d@barnesandnoble.com,Male,6
87,Rick,Oluwatoyin,roluwatoyin2e@howstuffworks.com,Male,6
88,Thomasa,Aitken,taitken2f@google.com.au,Female,6
89,Abrahan,Dewdeny,adewdeny2g@howstuffworks.com,Male,6
90,Arthur,Kocher,akocher2h@sbwire.com,Male,6
91,Lawry,Cuzen,lcuzen2i@jigsy.com,Male,6
92,Nerty,Lawday,nlawday2j@is.gd,Female,6
93,Winnah,Perett,wperett2k@woothemes.com,Female,6
94,Bentley,Davidy,bdavidy2l@accuweather.com,Male,6
95,Michell,Weaben,mweaben2m@amazon.co.jp,Female,6
96,Nonah,Huckleby,nhuckleby2n@senate.gov,Female,6
97,Phillipe,Gallager,pgallager2o@simplemachines.org,Male,6
98,Lionello,Edinburough,ledinburough2p@domainmarket.com,Male,6
99,Fredi,Boram,fboram2q@usnews.com,Female,6
100,Claudianus,MacVay,cmacvay2r@vk.com,Male,6

﻿id,first_name,last_name,email,gender,File_seq
1,Cathlene,Middlemiss,cmiddlemiss0@last.fm,Female,5
2,Margalit,McRory,mmcrory1@hhs.gov,Genderqueer,5
3,Cati,Moxom,cmoxom2@foxnews.com,Female,5
4,Burr,Twiddle,btwiddle3@amazon.com,Male,5
5,Teresa,Thormwell,tthormwell4@ifeng.com,Female,5
6,Charlotte,Le Galle,clegalle5@altervista.org,Female,5
7,Rozanna,Barlie,rbarlie6@zdnet.com,Female,5
8,Alon,Filipczynski,afilipczynski7@smugmug.com,Male,5
9,Angelita,Donwell,adonwell8@webnode.com,Female,5
10,Jan,Stroyan,jstroyan9@cyberchimps.com,Female,5
11,Langston,Acey,laceya@fema.gov,Male,5
12,Andriana,Kiljan,akiljanb@soup.io,Female,5
13,Armin,Settle,asettlec@nyu.edu,Non-binary,5
14,Ricardo,Sulman,rsulmand@squidoo.com,Male,5
15,Davidde,Minards,dminardse@bigcartel.com,Male,5
16,Rhys,Fielding,rfieldingf@canalblog.com,Male,5
17,Anderea,Betjes,abetjesg@apache.org,Female,5
18,Shawn,Niset,sniseth@loc.gov,Male,5
19,Bonnie,Harcourt,bharcourti@clickbank.net,Female,5
20,Yancy,Espinel,yespinelj@seesaa.net,Male,5
21,Desi,Kleanthous,dkleanthousk@reverbnation.com,Male,5
22,Pembroke,O'Scanlan,poscanlanl@domainmarket.com,Male,5
23,Garvin,Petranek,gpetranekm@google.co.jp,Male,5
24,Lucretia,Kubas,lkubasn@xinhuanet.com,Female,5
25,Horatius,Pering,hperingo@naver.com,Male,5
26,Bartholomeus,Pauls,bpaulsp@patch.com,Male,5
27,Alena,Arrell,aarrellq@xinhuanet.com,Female,5
28,Chad,Abramamovh,cabramamovhr@google.cn,Female,5
29,Caryl,Rummin,crummins@networksolutions.com,Genderqueer,5
30,Billie,Paike,bpaiket@toplist.cz,Male,5
31,Samson,Shoute,sshouteu@accuweather.com,Genderqueer,5
32,Marven,Clibbery,mclibberyv@webnode.com,Male,5
33,Emiline,MacCathay,emaccathayw@weebly.com,Female,5
34,Dall,Crucetti,dcrucettix@joomla.org,Male,5
35,Orazio,Boggers,oboggersy@nifty.com,Male,5
36,Jerrie,Keher,jkeherz@themeforest.net,Female,5
37,Fedora,Riddich,friddich10@loc.gov,Female,5
38,Siana,Danslow,sdanslow11@spotify.com,Female,5
39,Brina,Cowderoy,bcowderoy12@shutterfly.com,Female,5
40,Lucien,Boast,lboast13@youtube.com,Male,5
41,Catharina,Jessope,cjessope14@pbs.org,Female,5
42,Ninetta,Obeney,nobeney15@cdc.gov,Female,5
43,Luella,Gartan,lgartan16@amazon.com,Female,5
44,Darbee,Necolds,dnecolds17@rediff.com,Male,5
45,Lorilyn,Seint,lseint18@lulu.com,Female,5
46,Esmeralda,Ord,eord19@google.cn,Female,5
47,Kerry,Seel,kseel1a@nydailynews.com,Female,5
48,Baily,Terrey,bterrey1b@phoca.cz,Male,5
49,Mildrid,Janssen,mjanssen1c@godaddy.com,Female,5
50,Morey,Gudahy,mgudahy1d@unc.edu,Male,5
51,Drugi,Bellsham,dbellsham1e@theglobeandmail.com,Male,5
52,Vincents,Marquis,vmarquis1f@google.com.au,Male,5
53,Myron,Balazot,mbalazot1g@wunderground.com,Male,5
54,Vincenty,Mitchenson,vmitchenson1h@ask.com,Agender,5
55,Norina,Haslum,nhaslum1i@wikispaces.com,Female,5
56,Astra,Woollett,awoollett1j@unblog.fr,Female,5
57,Sascha,Martyntsev,smartyntsev1k@prweb.com,Male,5
58,Warren,Dymond,wdymond1l@domainmarket.com,Male,5
59,Gregoire,Batstone,gbatstone1m@phpbb.com,Male,5
60,Ram,Gilyott,rgilyott1n@creativecommons.org,Polygender,5
61,Woodie,Renshaw,wrenshaw1o@buzzfeed.com,Male,5
62,Pat,Priestnall,ppriestnall1p@stanford.edu,Female,5
63,Beatrisa,Barttrum,bbarttrum1q@berkeley.edu,Female,5
64,Obed,Lankham,olankham1r@opera.com,Male,5
65,Locke,Dubble,ldubble1s@apache.org,Male,5
66,Guthrie,Orwin,gorwin1t@skyrock.com,Male,5
67,Adelice,Bygott,abygott1u@marriott.com,Female,5
68,Juliane,Fleeming,jfleeming1v@europa.eu,Female,5
69,Berkly,Jollands,bjollands1w@cisco.com,Male,5
70,Karina,O'Shiel,koshiel1x@51.la,Non-binary,5
71,Jabez,Croux,jcroux1y@pinterest.com,Male,5
72,Kathrine,Dungey,kdungey1z@miibeian.gov.cn,Female,5
73,Torrance,Risso,trisso20@wunderground.com,Male,5
74,Ottilie,Dunnet,odunnet21@hubpages.com,Female,5
75,Lemar,Nicklinson,lnicklinson22@dion.ne.jp,Male,5
76,Danielle,Greenlees,dgreenlees23@blogtalkradio.com,Female,5
77,Jimmie,Parlour,jparlour24@who.int,Male,5
78,Cletis,Lynes,clynes25@blogspot.com,Male,5
79,Em,Janny,ejanny26@webmd.com,Male,5
80,Liva,Laverock,llaverock27@cnbc.com,Female,5
81,Tome,Nunn,tnunn28@boston.com,Male,5
82,Emmey,Prando,eprando29@cpanel.net,Female,5
83,Kelley,Lulham,klulham2a@fc2.com,Female,5
84,Law,Tomlinson,ltomlinson2b@ning.com,Male,5
85,Moyra,Ochterlony,mochterlony2c@washingtonpost.com,Female,5
86,Paquito,MacLeod,pmacleod2d@apache.org,Male,5
87,Woodrow,Ludye,wludye2e@google.es,Male,5
88,Bartlet,Fishby,bfishby2f@ovh.net,Male,5
89,Webb,Brou,wbrou2g@msu.edu,Male,5
90,Conny,Haskayne,chaskayne2h@shutterfly.com,Male,5
91,Debera,Allanson,dallanson2i@furl.net,Female,5
92,Phineas,Pesak,ppesak2j@barnesandnoble.com,Male,5
93,Hamnet,Gouldeby,hgouldeby2k@sbwire.com,Male,5
94,Diannne,Devita,ddevita2l@ed.gov,Female,5
95,Kalinda,Jori,kjori2m@youtu.be,Female,5
96,Hedwig,Varrow,hvarrow2n@wired.com,Female,5
97,Alecia,Kubera,akubera2o@prnewswire.com,Bigender,5
98,Milzie,Phizakarley,mphizakarley2p@marriott.com,Female,5
99,Gennifer,Dine-Hart,gdinehart2q@squidoo.com,Female,5
100,Meghann,Kenderdine,mkenderdine2r@digg.com,Female,5

﻿id,first_name,last_name,email,gender,File_seq
1,Jerri,Simonnet,jsimonnet0@ow.ly,Male,4
2,Anitra,Moloney,amoloney1@4shared.com,Female,4
3,Erin,O'Hagirtie,eohagirtie2@github.com,Female,4
4,Curtice,Macon,cmacon3@army.mil,Male,4
5,Rosalyn,Gut,rgut4@google.it,Female,4
6,Quent,Sibbs,qsibbs5@wordpress.com,Male,4
7,Paloma,Vila,pvila6@furl.net,Female,4
8,Fredric,Simoncini,fsimoncini7@g.co,Male,4
9,Fancie,Humphrey,fhumphrey8@pinterest.com,Female,4
10,Idette,Beckson,ibeckson9@dot.gov,Female,4
11,Iorgo,Dohms,idohmsa@webeden.co.uk,Male,4
12,Grantley,Aspell,gaspellb@globo.com,Genderfluid,4
13,Eunice,Round,eroundc@thetimes.co.uk,Female,4
14,Orsola,Lumm,olummd@aol.com,Female,4
15,Woodrow,Rabjohn,wrabjohne@smh.com.au,Male,4
16,Adoree,Weavers,aweaversf@macromedia.com,Female,4
17,Lorne,Wanklin,lwankling@auda.org.au,Male,4
18,Herb,Crummie,hcrummieh@com.com,Male,4
19,Adolphe,Kempstone,akempstonei@biglobe.ne.jp,Male,4
20,Erskine,Di Carli,edicarlij@furl.net,Male,4
21,Leoline,Pistol,lpistolk@arizona.edu,Polygender,4
22,Burgess,Wingate,bwingatel@netscape.com,Male,4
23,Antonetta,Fairest,afairestm@ebay.com,Female,4
24,Renado,Yurukhin,ryurukhinn@microsoft.com,Male,4
25,Garrek,Kryszka,gkryszkao@nyu.edu,Male,4
26,Waverly,Mylchreest,wmylchreestp@ovh.net,Male,4
27,Lonny,Clemencet,lclemencetq@buzzfeed.com,Male,4
28,Gayleen,Trevarthen,gtrevarthenr@uol.com.br,Female,4
29,Tommie,Feldberg,tfeldbergs@qq.com,Male,4
30,Matthus,Whisby,mwhisbyt@wikipedia.org,Male,4
31,Pietro,Matthius,pmatthiusu@columbia.edu,Male,4
32,Ashby,Brigdale,abrigdalev@usgs.gov,Male,4
33,Carlotta,Sawood,csawoodw@topsy.com,Female,4
34,Natale,Gadeaux,ngadeauxx@mlb.com,Male,4
35,Homere,Bagshaw,hbagshawy@gizmodo.com,Male,4
36,Stephanie,Pyper,spyperz@smh.com.au,Female,4
37,Elysha,Berndt,eberndt10@dailymail.co.uk,Female,4
38,Onofredo,Kloska,okloska11@macromedia.com,Male,4
39,Deanna,Rontree,drontree12@bbc.co.uk,Female,4
40,Fulvia,Deetlof,fdeetlof13@illinois.edu,Female,4
41,Joli,Grave,jgrave14@toplist.cz,Female,4
42,Hadria,Harland,hharland15@shinystat.com,Non-binary,4
43,Allyce,Puttnam,aputtnam16@comcast.net,Female,4
44,Albertina,Crooks,acrooks17@umn.edu,Female,4
45,Eddie,Curteis,ecurteis18@cbslocal.com,Female,4
46,Sunshine,Girardetti,sgirardetti19@de.vu,Female,4
47,Karlik,Harget,kharget1a@examiner.com,Male,4
48,Magda,Cliburn,mcliburn1b@merriam-webster.com,Female,4
49,Briggs,Bruckmann,bbruckmann1c@4shared.com,Male,4
50,Linn,Caze,lcaze1d@geocities.jp,Male,4
51,Josephina,Jolly,jjolly1e@so-net.ne.jp,Female,4
52,Chance,Blakeley,cblakeley1f@odnoklassniki.ru,Polygender,4
53,Dina,Boughton,dboughton1g@freewebs.com,Polygender,4
54,Kikelia,Gisby,kgisby1h@hhs.gov,Female,4
55,Vonny,Fluin,vfluin1i@twitter.com,Bigender,4
56,Saudra,Clubley,sclubley1j@360.cn,Female,4
57,Nadiya,Josefs,njosefs1k@washingtonpost.com,Bigender,4
58,Lorne,Trevon,ltrevon1l@moonfruit.com,Male,4
59,Darcey,Jebb,djebb1m@mac.com,Female,4
60,Brandice,Ashwin,bashwin1n@squidoo.com,Female,4
61,Bayard,Gorton,bgorton1o@microsoft.com,Male,4
62,Bronson,Barsham,bbarsham1p@google.com.br,Male,4
63,Blisse,Gutteridge,bgutteridge1q@plala.or.jp,Female,4
64,Etti,Derrick,ederrick1r@ycombinator.com,Female,4
65,Efren,Payle,epayle1s@infoseek.co.jp,Male,4
66,Tadeas,Alcido,talcido1t@engadget.com,Male,4
67,Beckie,Andreasson,bandreasson1u@163.com,Female,4
68,Calv,Durrant,cdurrant1v@flickr.com,Genderqueer,4
69,Cletis,Menendes,cmenendes1w@army.mil,Male,4
70,Margit,Boskell,mboskell1x@mail.ru,Female,4
71,Isabeau,Rendell,irendell1y@g.co,Polygender,4
72,Chandal,McGaraghan,cmcgaraghan1z@si.edu,Female,4
73,Celisse,Sellars,csellars20@webmd.com,Female,4
74,Niven,Roscrigg,nroscrigg21@google.it,Male,4
75,Tarrah,Shmyr,tshmyr22@prlog.org,Female,4
76,Kelila,Emberson,kemberson23@cnbc.com,Female,4
77,Dav,Conlaund,dconlaund24@ning.com,Bigender,4
78,Tarah,Brayn,tbrayn25@taobao.com,Female,4
79,Toinette,Geibel,tgeibel26@usnews.com,Female,4
80,Gradeigh,Lenihan,glenihan27@google.com.au,Non-binary,4
81,Elwira,Powdrill,epowdrill28@theglobeandmail.com,Female,4
82,Jeanelle,Vittore,jvittore29@weather.com,Female,4
83,Reinhard,Westney,rwestney2a@comcast.net,Genderqueer,4
84,Allianora,Greydon,agreydon2b@go.com,Bigender,4
85,Livvy,Wernham,lwernham2c@cocolog-nifty.com,Genderfluid,4
86,Romeo,McCanny,rmccanny2d@plala.or.jp,Male,4
87,Rudy,Block,rblock2e@infoseek.co.jp,Male,4
88,Sadye,Alchin,salchin2f@vkontakte.ru,Female,4
89,Trip,Dewis,tdewis2g@a8.net,Male,4
90,Hyacintha,Boman,hboman2h@disqus.com,Female,4
91,Rosita,Imbrey,rimbrey2i@cnn.com,Female,4
92,Jeannine,Rockwill,jrockwill2j@sfgate.com,Female,4
93,Joaquin,Dryburgh,jdryburgh2k@edublogs.org,Male,4
94,Windy,Strognell,wstrognell2l@xrea.com,Female,4
95,Ephrayim,Duguid,eduguid2m@mail.ru,Male,4
96,Shell,Zoppo,szoppo2n@eepurl.com,Bigender,4
97,Steffie,Birkenshaw,sbirkenshaw2o@umn.edu,Female,4
98,Pail,Blonfield,pblonfield2p@discuz.net,Male,4
99,Quint,Orkney,qorkney2q@tiny.cc,Male,4
100,Kendall,Dzeniskevich,kdzeniskevich2r@eventbrite.com,Genderqueer,4

﻿id,first_name,last_name,email,gender,File_seq
1,Marrilee,Wallage,mwallage0@house.gov,Female,3
2,Lorianne,Cordery,lcordery1@instagram.com,Female,3
3,Ralph,Biddlestone,rbiddlestone2@istockphoto.com,Genderqueer,3
4,Patrizia,Ostridge,postridge3@microsoft.com,Female,3
5,Hall,Cosgreave,hcosgreave4@chronoengine.com,Male,3
6,Barrie,Climo,bclimo5@cafepress.com,Female,3
7,Tansy,Croux,tcroux6@globo.com,Female,3
8,Virgie,Britee,vbritee7@amazon.de,Male,3
9,Franky,Handrock,fhandrock8@sciencedaily.com,Genderfluid,3
10,Gram,Rowaszkiewicz,growaszkiewicz9@macromedia.com,Polygender,3
11,Natalya,Faussett,nfaussetta@flickr.com,Female,3
12,Kylie,Skillington,kskillingtonb@nih.gov,Female,3
13,Aloin,Beazley,abeazleyc@yolasite.com,Male,3
14,Natka,Yeldham,nyeldhamd@stanford.edu,Female,3
15,Sibylla,Sousa,ssousae@cbslocal.com,Female,3
16,Marv,Ilymanov,milymanovf@ed.gov,Genderfluid,3
17,Jozef,Milward,jmilwardg@usnews.com,Male,3
18,Taddeusz,Pochon,tpochonh@upenn.edu,Male,3
19,Lillis,Rapaport,lrapaporti@hao123.com,Female,3
20,Christy,Maulkin,cmaulkinj@etsy.com,Male,3
21,Melonie,Haverson,mhaversonk@google.de,Female,3
22,Rudy,Moakson,rmoaksonl@rediff.com,Male,3
23,Banky,Fick,bfickm@google.com.au,Genderqueer,3
24,Juliette,Bampkin,jbampkinn@ihg.com,Female,3
25,Jacky,Ribou,jribouo@nationalgeographic.com,Male,3
26,Fredrick,Gruczka,fgruczkap@ucoz.ru,Male,3
27,Aubrey,O'Corrigane,aocorriganeq@washington.edu,Female,3
28,Dacey,Hallt,dhalltr@google.com.au,Female,3
29,Sheridan,Tillard,stillards@icio.us,Male,3
30,Nadean,Lindro,nlindrot@weibo.com,Genderqueer,3
31,Rebecca,O'Kennavain,rokennavainu@sakura.ne.jp,Female,3
32,Piotr,Denington,pdeningtonv@amazonaws.com,Male,3
33,Mathew,Dochon,mdochonw@technorati.com,Agender,3
34,Burk,O'Hallihane,bohallihanex@nhs.uk,Male,3
35,Cody,Scottesmoor,cscottesmoory@telegraph.co.uk,Genderfluid,3
36,Gardy,Jacobsen,gjacobsenz@squidoo.com,Male,3
37,Bram,Alejandro,balejandro10@hugedomains.com,Male,3
38,Siouxie,Staining,sstaining11@yahoo.com,Female,3
39,Benyamin,Lindop,blindop12@live.com,Male,3
40,Darrel,Nell,dnell13@squarespace.com,Male,3
41,Reggie,Challace,rchallace14@guardian.co.uk,Bigender,3
42,Wynn,Quincey,wquincey15@blogtalkradio.com,Genderqueer,3
43,Nariko,Aykroyd,naykroyd16@lycos.com,Female,3
44,Sandi,Aitkenhead,saitkenhead17@sfgate.com,Female,3
45,Milly,Craise,mcraise18@comcast.net,Female,3
46,Bebe,Cranton,bcranton19@ebay.com,Female,3
47,Paige,Hune,phune1a@netlog.com,Female,3
48,Etienne,Elcum,eelcum1b@xinhuanet.com,Male,3
49,Jarrid,Havard,jhavard1c@netlog.com,Male,3
50,Colly,Gillanders,cgillanders1d@ox.ac.uk,Female,3
51,Danette,Bythell,dbythell1e@google.co.uk,Female,3
52,Giulietta,Carrivick,gcarrivick1f@networksolutions.com,Female,3
53,Brit,Benez,bbenez1g@foxnews.com,Female,3
54,Abbie,Rosenhaus,arosenhaus1h@com.com,Female,3
55,Cristionna,Titterrell,ctitterrell1i@sfgate.com,Polygender,3
56,Lark,Greenhall,lgreenhall1j@nytimes.com,Female,3
57,Guenna,Seeks,gseeks1k@illinois.edu,Female,3
58,Darn,Goede,dgoede1l@europa.eu,Male,3
59,Putnem,Espinas,pespinas1m@mail.ru,Male,3
60,Lemuel,Sullly,lsullly1n@bing.com,Male,3
61,Rebeca,St. Leger,rstleger1o@bbc.co.uk,Female,3
62,Brianna,Glassard,bglassard1p@weebly.com,Female,3
63,Bond,Dalbey,bdalbey1q@un.org,Agender,3
64,Lissa,O'Malley,lomalley1r@geocities.jp,Female,3
65,Winny,Preece,wpreece1s@amazon.de,Female,3
66,Pru,Hedditeh,phedditeh1t@seesaa.net,Female,3
67,Felic,Corish,fcorish1u@php.net,Male,3
68,Lyndy,Heatley,lheatley1v@etsy.com,Female,3
69,Roddie,Povele,rpovele1w@posterous.com,Male,3
70,Janek,Demsey,jdemsey1x@webeden.co.uk,Male,3
71,Claudine,Peert,cpeert1y@cocolog-nifty.com,Female,3
72,Jefferson,Boakes,jboakes1z@google.de,Male,3
73,Bear,Shailer,bshailer20@ox.ac.uk,Male,3
74,Sonny,Occleshaw,soccleshaw21@usda.gov,Male,3
75,Vally,Bende,vbende22@t-online.de,Female,3
76,Sollie,Lampel,slampel23@microsoft.com,Male,3
77,Kordula,Ditt,kditt24@nasa.gov,Female,3
78,Stephanus,Binnell,sbinnell25@vk.com,Male,3
79,Tallulah,McNish,tmcnish26@xing.com,Female,3
80,Linus,Alderwick,lalderwick27@zdnet.com,Male,3
81,Emmy,Dicks,edicks28@ed.gov,Male,3
82,Karlis,Norcliff,knorcliff29@naver.com,Male,3
83,Melli,Ioan,mioan2a@dagondesign.com,Female,3
84,Lucretia,Axtens,laxtens2b@plala.or.jp,Female,3
85,Chere,Hazeldine,chazeldine2c@example.com,Female,3
86,Jarrod,Leverton,jleverton2d@washington.edu,Male,3
87,Gualterio,Crisall,gcrisall2e@dell.com,Male,3
88,Niel,Bangham,nbangham2f@liveinternet.ru,Male,3
89,Aleta,Howels,ahowels2g@comsenz.com,Non-binary,3
90,Clerkclaude,Coltart,ccoltart2h@imgur.com,Male,3
91,Moyna,Pilkington,mpilkington2i@google.co.uk,Female,3
92,Iain,Swinney,iswinney2j@ezinearticles.com,Male,3
93,Pat,Macewan,pmacewan2k@cpanel.net,Agender,3
94,Enrichetta,Posse,eposse2l@upenn.edu,Female,3
95,Renee,Rizziello,rrizziello2m@disqus.com,Female,3
96,Ramonda,Cannam,rcannam2n@gizmodo.com,Female,3
97,Anselma,Mostyn,amostyn2o@edublogs.org,Female,3
98,Perrine,Dallow,pdallow2p@vinaora.com,Genderfluid,3
99,Adi,Reddel,areddel2q@google.com,Female,3
100,Leola,Duesbury,lduesbury2r@unesco.org,Female,3

