id,first_name,last_name,email,gender,File_seq
1,Marrilee,Wallage,mwallage0@house.gov,Female,3
2,Lorianne,Cordery,lcordery1@instagram.com,Female,3
3,Ralph,Biddlestone,rbiddlestone2@istockphoto.com,Genderqueer,3
4,Patrizia,Ostridge,postridge3@microsoft.com,Female,3
5,Hall,Cosgreave,hcosgreave4@chronoengine.com,Male,3
6,Barrie,Climo,bclimo5@cafepress.com,Female,3
7,Tansy,Croux,tcroux6@globo.com,Female,3
8,Virgie,Britee,vbritee7@amazon.de,Male,3
9,Franky,Handrock,fhandrock8@sciencedaily.com,Genderfluid,3
10,Gram,Rowaszkiewicz,growaszkiewicz9@macromedia.com,Polygender,3
11,Natalya,Faussett,nfaussetta@flickr.com,Female,3
12,Kylie,Skillington,kskillingtonb@nih.gov,Female,3
13,Aloin,Beazley,abeazleyc@yolasite.com,Male,3
14,Natka,Yeldham,nyeldhamd@stanford.edu,Female,3
15,Sibylla,Sousa,ssousae@cbslocal.com,Female,3
16,Marv,Ilymanov,milymanovf@ed.gov,Genderfluid,3
17,Jozef,Milward,jmilwardg@usnews.com,Male,3
18,Taddeusz,Pochon,tpochonh@upenn.edu,Male,3
19,Lillis,Rapaport,lrapaporti@hao123.com,Female,3
20,Christy,Maulkin,cmaulkinj@etsy.com,Male,3
21,Melonie,Haverson,mhaversonk@google.de,Female,3
22,Rudy,Moakson,rmoaksonl@rediff.com,Male,3
23,Banky,Fick,bfickm@google.com.au,Genderqueer,3
24,Juliette,Bampkin,jbampkinn@ihg.com,Female,3
25,Jacky,Ribou,jribouo@nationalgeographic.com,Male,3
26,Fredrick,Gruczka,fgruczkap@ucoz.ru,Male,3
27,Aubrey,O'Corrigane,aocorriganeq@washington.edu,Female,3
28,Dacey,Hallt,dhalltr@google.com.au,Female,3
29,Sheridan,Tillard,stillards@icio.us,Male,3
30,Nadean,Lindro,nlindrot@weibo.com,Genderqueer,3
31,Rebecca,O'Kennavain,rokennavainu@sakura.ne.jp,Female,3
32,Piotr,Denington,pdeningtonv@amazonaws.com,Male,3
33,Mathew,Dochon,mdochonw@technorati.com,Agender,3
34,Burk,O'Hallihane,bohallihanex@nhs.uk,Male,3
35,Cody,Scottesmoor,cscottesmoory@telegraph.co.uk,Genderfluid,3
36,Gardy,Jacobsen,gjacobsenz@squidoo.com,Male,3
37,Bram,Alejandro,balejandro10@hugedomains.com,Male,3
38,Siouxie,Staining,sstaining11@yahoo.com,Female,3
39,Benyamin,Lindop,blindop12@live.com,Male,3
40,Darrel,Nell,dnell13@squarespace.com,Male,3
41,Reggie,Challace,rchallace14@guardian.co.uk,Bigender,3
42,Wynn,Quincey,wquincey15@blogtalkradio.com,Genderqueer,3
43,Nariko,Aykroyd,naykroyd16@lycos.com,Female,3
44,Sandi,Aitkenhead,saitkenhead17@sfgate.com,Female,3
45,Milly,Craise,mcraise18@comcast.net,Female,3
46,Bebe,Cranton,bcranton19@ebay.com,Female,3
47,Paige,Hune,phune1a@netlog.com,Female,3
48,Etienne,Elcum,eelcum1b@xinhuanet.com,Male,3
49,Jarrid,Havard,jhavard1c@netlog.com,Male,3
50,Colly,Gillanders,cgillanders1d@ox.ac.uk,Female,3
51,Danette,Bythell,dbythell1e@google.co.uk,Female,3
52,Giulietta,Carrivick,gcarrivick1f@networksolutions.com,Female,3
53,Brit,Benez,bbenez1g@foxnews.com,Female,3
54,Abbie,Rosenhaus,arosenhaus1h@com.com,Female,3
55,Cristionna,Titterrell,ctitterrell1i@sfgate.com,Polygender,3
56,Lark,Greenhall,lgreenhall1j@nytimes.com,Female,3
57,Guenna,Seeks,gseeks1k@illinois.edu,Female,3
58,Darn,Goede,dgoede1l@europa.eu,Male,3
59,Putnem,Espinas,pespinas1m@mail.ru,Male,3
60,Lemuel,Sullly,lsullly1n@bing.com,Male,3
61,Rebeca,St. Leger,rstleger1o@bbc.co.uk,Female,3
62,Brianna,Glassard,bglassard1p@weebly.com,Female,3
63,Bond,Dalbey,bdalbey1q@un.org,Agender,3
64,Lissa,O'Malley,lomalley1r@geocities.jp,Female,3
65,Winny,Preece,wpreece1s@amazon.de,Female,3
66,Pru,Hedditeh,phedditeh1t@seesaa.net,Female,3
67,Felic,Corish,fcorish1u@php.net,Male,3
68,Lyndy,Heatley,lheatley1v@etsy.com,Female,3
69,Roddie,Povele,rpovele1w@posterous.com,Male,3
70,Janek,Demsey,jdemsey1x@webeden.co.uk,Male,3
71,Claudine,Peert,cpeert1y@cocolog-nifty.com,Female,3
72,Jefferson,Boakes,jboakes1z@google.de,Male,3
73,Bear,Shailer,bshailer20@ox.ac.uk,Male,3
74,Sonny,Occleshaw,soccleshaw21@usda.gov,Male,3
75,Vally,Bende,vbende22@t-online.de,Female,3
76,Sollie,Lampel,slampel23@microsoft.com,Male,3
77,Kordula,Ditt,kditt24@nasa.gov,Female,3
78,Stephanus,Binnell,sbinnell25@vk.com,Male,3
79,Tallulah,McNish,tmcnish26@xing.com,Female,3
80,Linus,Alderwick,lalderwick27@zdnet.com,Male,3
81,Emmy,Dicks,edicks28@ed.gov,Male,3
82,Karlis,Norcliff,knorcliff29@naver.com,Male,3
83,Melli,Ioan,mioan2a@dagondesign.com,Female,3
84,Lucretia,Axtens,laxtens2b@plala.or.jp,Female,3
85,Chere,Hazeldine,chazeldine2c@example.com,Female,3
86,Jarrod,Leverton,jleverton2d@washington.edu,Male,3
87,Gualterio,Crisall,gcrisall2e@dell.com,Male,3
88,Niel,Bangham,nbangham2f@liveinternet.ru,Male,3
89,Aleta,Howels,ahowels2g@comsenz.com,Non-binary,3
90,Clerkclaude,Coltart,ccoltart2h@imgur.com,Male,3
91,Moyna,Pilkington,mpilkington2i@google.co.uk,Female,3
92,Iain,Swinney,iswinney2j@ezinearticles.com,Male,3
93,Pat,Macewan,pmacewan2k@cpanel.net,Agender,3
94,Enrichetta,Posse,eposse2l@upenn.edu,Female,3
95,Renee,Rizziello,rrizziello2m@disqus.com,Female,3
96,Ramonda,Cannam,rcannam2n@gizmodo.com,Female,3
97,Anselma,Mostyn,amostyn2o@edublogs.org,Female,3
98,Perrine,Dallow,pdallow2p@vinaora.com,Genderfluid,3
99,Adi,Reddel,areddel2q@google.com,Female,3
100,Leola,Duesbury,lduesbury2r@unesco.org,Female,3

